-35778.68168151228,-16873.16127112438,2733.191582206715,-11110.43414757072,-7227.556610639234,-75508.55448417323,56395.99289352874,18314.069441102776,-12201.71691753823,57993.69968040349
-14916.358162548635,16809.546654347145,6084.74336539139,51303.54228395038,59872.353853572706,-93709.30588949539,54203.18699982604,-22629.547186060332,4829.277325984371,59317.934862510796
90320.11698904664,-22794.194942813112,-42057.622569695945,-63145.58788101071,-28515.20833280425,-43377.32437232395,12637.689106256996,-1866.5143466532588,24895.821982960322,3400.397503542685
37376.80748601571,-3643.1645948628343,3815.6283314914276,-7882.27503839094,-39981.02267551628,-17105.774409628757,17014.409909760914,22363.41344939056,41510.582886707,93094.2836653003
15322.17050574423,-65652.79576300646,33288.16030684557,41711.83151352114,-27756.72002279077,14054.53294392706,33308.99335086233,11646.492559359991,2185.0751098073606,132955.32834767023
56771.0416409747,35288.10303436683,-21014.172613013452,-53672.29321574908,-50507.105848851,5878.816043673206,-40958.7884779179,-39440.65103944909,-923.7690505899562,127250.6110067487
-6067.214910992598,20160.19967674486,10185.13349823322,-63432.59026718326,2064.2748664704236,-102710.92298902811,19310.48572264757,9289.951008712265,-46610.145386815646,41680.52863274436
39722.26135579277,-66672.2526609377,-37140.35289306267,-24860.322085991036,35197.761164836484,37359.345225737234,-21105.242926344137,87790.72517096916,-3780.4115472375524,47422.21599081668
39436.99291818321,12740.588945748008,30395.621771483846,-45029.50962235659,52546.395473772565,-42189.848435999294,-3138.10158082578,14691.697324583867,27837.37951655589,96150.08414019267
-4022.755139139634,3680.664448308021,-34600.518446683236,-30132.10504849027,-58919.11000346043,-74035.61623155152,-6355.789234077777,52702.07561827075,-78496.53193874018,69001.57364899832
4181.819842065049,-53355.54554818844,48767.27668916449,17591.94514429345,-43231.93103257473,-105784.85908876281,-10371.645128251721,14226.381746360114,18361.29160044694,2519.0264816083727
-2830.8016049272123,-25623.77570945238,-13799.08922663046,19664.340368648554,10804.377762196758,-13718.546506295603,-14874.282920696085,20351.006601680256,40331.92171485151,44662.80871337384
24917.655305207783,-31812.099477872183,-53208.32239230852,-44324.82222187471,-5571.568065547223,-59509.67728995576,16919.61161689558,26713.08129619066,-52382.23761885649,80921.93448540142
35900.337615889686,15097.810990794049,25413.988397159304,58163.475014162366,-57757.30426305404,-70705.36517716118,-44658.30445333984,75096.69874914957,-9075.01631989368,122024.86635774458
-37460.75455011815,-6757.364137011078,31436.862566618758,41330.69848880143,-33268.46156016747,-74011.27808325263,-32943.64497865873,13810.474270731003,20181.007003964754,17710.0040748888
9088.826313288067,-74882.11588547632,35529.091691009504,-33097.85332616529,32389.819454111133,-94627.77080291125,-1254.749823725734,-4858.396796538569,-8389.812102947535,18372.51516594386
1999.5381253535443,-9968.086585394214,17633.277963233326,4310.623636367595,-6966.789110684566,-55033.613484358546,-11790.171277916803,45628.28195675851,3156.0430177667267,14790.86027007661
13059.324053603163,-43890.542285347954,-38020.56922064446,-5336.939243752316,-16879.19313737186,-50033.04501951566,-23156.21747483173,-8410.389114051568,-82911.44902187027,57326.00911229102
29671.50393263754,-72662.08544763198,-30336.79455819172,-55843.141732933975,-48240.036284777816,-32246.116437367215,33594.50102795006,-23796.164102416653,-7055.321424121322,-17376.741585417723
18356.063888919824,-3770.1508430409244,3499.875708425482,-38514.637934361795,-20507.96331505152,-73640.75923499526,-20453.66153768585,-140.2662351659602,43543.75747218486,32564.152475249793
-33955.45489828357,-19472.412427130646,60321.04407245167,-3585.150014284217,36938.84851191412,19465.886154072807,2499.04533422856,18278.25216976645,49181.39095670762,32073.224472693546
63474.556039767805,-21124.734605754547,-69046.611155412,25013.7206028626,15106.992330310464,14836.435938554243,-6718.197639824652,-7307.987059374204,47386.31318298005,18448.585712638345
50317.947566135794,6529.056490141233,-51179.396811117454,7570.177228655243,-31957.01984783023,122.98136537072901,10789.149380152474,-6631.707838142147,21944.585321081486,90651.43898467944
-16530.58968730874,20062.44017023514,2182.7828165425926,835.3706131699595,-8833.760056905345,-17991.408515837054,-53582.70143336428,22243.291697598368,54810.72413184949,31569.792928257382
-14124.685393807658,-32644.433200438998,7265.048904671283,-47745.702319811855,24148.273567814304,-71418.26175161476,-9766.014445133005,43704.203801024705,-18822.110831886544,-14956.25209983685
43218.12081011068,-53395.71084679723,-12847.386860154094,-84.13834895327,-1410.9515023897384,-119512.36468084957,-656.0272358959744,19694.93063848201,-5327.572677109121,95428.18110381506
-7344.105073334955,-45065.995228519896,-14462.31343314204,-12954.858040346024,-21095.53430522152,26583.475768566157,60673.94407802458,20977.59870451949,57715.12309868459,25636.19337418911
-5474.040733303585,21507.784999113992,-33922.37884226612,-3447.2813865935696,20317.413219846756,-10364.712923286506,26252.926646304677,40174.08662081793,33594.525917313375,69806.76912153832
-25969.264135929323,-8919.958179364685,-13110.79746457308,41003.78169924797,-9519.799032049217,-28581.23810275746,-2071.7876039753482,54267.18710008704,24289.36386734524,24768.939468395678
18468.770894578203,-10.920792605698466,-46279.89727334603,19658.70401969058,-30224.052502132177,-2622.5705402158546,11457.742819061232,17315.076571544956,29858.649609324293,19999.93764914527
-25107.22663611181,11021.14889778564,8960.46659827095,29508.731010095264,-7092.412596579301,-82908.62402549754,-17373.967124317158,-5230.6143633194615,23736.560433894025,61772.585872849915
41049.13612335614,27564.878514236654,-31587.961367577227,44247.6881813996,32791.428145772676,-60841.325111984166,3263.865435948606,-33427.16926243968,7331.450231353689,69689.01620388596
-34834.96147868791,-18730.49223050197,58643.23622600884,31310.543324750186,69668.0521588148,-57644.174847793,-25570.989923011763,18879.2483296539,-38281.995900095375,47562.33023696952
-15166.960996622522,45029.838142850465,22883.9526579805,-686.374898417041,44577.52018465823,-67024.98560960859,39011.76634396482,11538.455551398667,-95357.38173981302,91403.8827610545
-9280.65608693234,-113804.00618083664,-8395.923643693714,44909.774611476954,-9523.841863788713,-51951.486112830586,9072.044277773288,-32246.48425549177,-13193.046449116786,11697.133319587569
-26099.73430991674,-61161.811553977,26319.46698845653,-24813.4944372695,33057.813495043076,-87489.70720191108,18546.50381917628,98624.61905868858,35606.602213285994,45443.4617277203
54647.82557303618,-17139.7100266849,-54873.752715523005,22723.14868687571,72817.4990972271,-12963.550722034142,36332.65249703417,-11546.31725462981,9049.45810394283,5376.035580891922
-76965.30042411319,-31535.01270852524,-20742.40170536826,25408.425197170134,-19722.744749693607,-7617.85350594054,3534.5919633270787,-23632.350330494195,83836.70127893216,105694.29713958428
-6425.322956940471,46591.870739124104,28884.11985438553,26813.301402812496,28650.287226914978,-30552.32452701918,34015.13361012887,-60384.23062268201,21112.798469895457,47917.81458486285
-54262.86837523275,24137.50111713466,-41075.52571992619,48898.19234427959,20704.94019296991,-41740.584040445065,55488.06881021655,-19924.55609274578,-25611.86071634729,58985.2450959991
59393.29694382933,-10312.890259467447,-31354.08187152402,-5744.59851206361,1871.1244606445084,-27253.18498478854,-9418.317244211505,6896.795573706961,25104.28636740714,82401.88539477768
-17203.98442460995,-20604.0086282421,17952.799889354636,3289.871964083055,31903.214263810958,-102973.66875902643,7593.661647526628,42473.4993869646,45505.76285994436,71016.2307443582
6101.942466698138,-47646.259733019244,18812.406791132213,42496.786526510405,21336.626839434914,-39546.61409768466,-35335.4623858804,47475.291693624626,-5001.323665776423,56254.958620861034
57017.844493219265,-23983.406235212828,16103.960450329407,5974.868443883102,19562.00175549922,-93129.28108815335,20485.742578139383,-20771.85008374288,-7268.521800262781,8914.830012104463
10308.972557064093,41135.75660686909,-10929.198524956784,-18161.811075954633,-59076.669177003845,-23791.81919970265,-36645.23009020777,-57832.32017405738,65299.00182866603,-2170.8298615111908
33516.53615135969,-6374.55543464381,-24505.139447994552,20250.581992632822,-41653.84703576,-6470.9718341362895,11632.288579033035,-2305.7317178558255,-40944.00832668914,28945.47753518324
-14599.833056534442,-76080.39908990519,64268.133416679346,-11506.67162842879,-2384.7331865148226,-64069.96387238289,-45119.39930304087,-53821.79650791273,35889.535278014926,35901.76147880876
35225.33654322334,-2872.8161504063237,-32196.86394558163,36386.60746299609,-19209.667634326557,-80561.43842683881,40085.38294230149,53198.98640950188,-44188.84927393379,-3810.541185898532
53870.591599464766,-59569.89259279121,-79157.63390389309,4552.174623071488,20574.320162480115,-42286.908747952126,-11622.434759696958,66147.28515861204,8936.005156850684,49166.10808040071
48884.87735223836,-5542.316933475873,-25456.418224621244,9696.160785400729,46307.6826935435,-29527.043345577433,23020.37630935211,67249.57160783304,-52482.697483911186,88018.31689134025
78444.94966888259,26659.236720080135,7572.777666928003,-23276.075737154362,14742.59636853871,-88419.90300390597,37787.04539824326,5625.8907090163475,16742.48041284308,77307.86892266812
-32650.104502880284,-15621.198533232275,-29788.432763380777,13202.791414177731,28920.837863139976,-9616.714359311432,11179.025811610243,53177.886987650374,-28908.63824548653,124671.49074830054
82688.26067079211,-58371.62299957809,-10417.32302819578,-57951.59692719331,-37809.60640198203,-26684.525424658408,-5684.262374247306,-13118.790360891937,11637.028074972874,83560.03470537969
-20951.579453038175,-81567.85835341919,11345.159965384973,22499.568444380733,-25108.18025328259,-20790.086969213302,30284.633065935013,-23821.96696180808,45621.51858756387,38982.81724618878
3173.3719359278193,22977.497479819005,-14975.152446385202,6522.523777607587,3987.129881547038,-14027.208612382365,14541.853959771917,45729.826598843436,-5007.4153666147895,80319.09044714339
19735.230008038445,-38158.856560704975,-1268.679839765251,12570.509056324148,12242.542020314244,-73650.1982641339,11940.26438551722,-36493.89391295304,63422.63502358756,-43746.67776850648
-9413.096497749591,-50250.97902882119,21456.95464914194,-38710.30332521681,-2282.660789585952,15015.502762343544,25770.72369443684,29600.091730983026,10804.13137818652,70004.32220235125
34347.018678968845,-86465.1507529507,51628.09932746007,13550.526951838074,35120.81757383107,-52577.95451860993,52093.74927996555,20906.899144901254,40166.11815261951,50547.15618225536
-3299.003827854738,-992.8437434177699,-69650.47980456497,7099.010145640104,20759.594840442063,-65988.59686940572,45255.73833384822,22486.646534694642,111817.3842382126,3931.1925275000476
-2587.310630795047,2165.4817381023913,10908.730235295354,18939.243370935794,-25885.564804063746,-93001.8425346474,18181.752463895176,20941.722115447126,25080.99025556837,43941.850235840066
51091.566563221204,-58987.103642413116,24595.60634967397,43314.85780362613,-46023.63927379684,2461.872972934973,36953.621532137615,63074.8828616179,65674.69584154947,85573.36710818684
34547.914206116555,-52888.701558745415,-30540.380508307662,48870.11825924236,-3365.9376156325407,-37954.01439014776,31839.40850573769,-780.1514722325653,57276.354488124714,39936.58340103361
56917.392240935114,-20292.531495897016,70989.80105591683,-13899.333063268685,-2547.253060900629,-36030.52129894621,30625.900945969097,26531.602512117464,41968.234811812246,62367.3406102827
26447.982204698907,-8797.58380966782,-6246.445895512841,-46297.0155377573,-42241.2490598667,-74112.35244220142,-4109.792526993394,52229.452937630296,-33077.63333368238,93500.83757128408
-34771.7552315234,-36369.98882472964,-13217.38195307465,16652.25493229568,17143.895808378827,-7119.976941289717,36538.61532662743,-20470.344141242396,38710.57423530188,9028.459062786642
13852.558593601949,-22930.64534054835,-19328.65530933179,-65854.98684454334,-7479.121404905655,-30415.205471574693,2655.949428120596,-27923.761269181265,-10491.50353726099,47878.34545684396
-1408.171786073623,-11076.80612940521,-22569.007339839503,-19923.756857256692,23413.16793102802,-49469.681803665815,33952.96110881473,-36130.23409368624,39236.148089883245,27845.688106545156
9191.718955630027,14864.992874720365,-4239.710350332612,53290.621882570376,-6104.319854660644,-87957.46707786623,14320.577446991021,45009.47952924865,511.7554750557034,32485.596834132037
67912.44753108997,-62712.28429831988,-33614.82272780733,29949.521421210746,-10345.655615161477,-55190.50038993161,-2457.7866691078157,19265.85807683728,10781.363574802343,44476.581563399326
-29697.817175822933,-4358.667861088519,4626.587136712653,47732.93604617053,31789.267595443904,-43577.965415575694,32410.232462530144,48338.23347859958,27099.68159864545,125492.19246316522
20256.129801485986,7473.278557964453,90481.53129315222,9811.236110246544,-61318.405451936225,2637.6467733637505,40376.19221650224,36390.90624825607,41953.27603779822,85277.2455393267
74053.23073537616,-1072.871395117348,-45311.20517828127,-8122.69702712442,-32791.3321003764,-11342.34352839415,30301.851143099528,4301.410204541537,47431.21719743285,-33974.26990209655
-8144.2775582191625,-74762.41823846633,-46568.16492575131,-15745.207444494472,-16768.105000581905,-62134.71929505413,37823.10571362982,13373.903034682959,19834.685709446527,103200.91495181562
-26485.781391415414,53301.18372818865,-76709.6781173315,-47000.49312862472,-78521.61981118437,-72238.60268314857,12819.268357878784,-25855.44053834219,23280.536317898852,103929.33092278494
56712.60326465086,-17440.543262712465,11484.44418436241,21259.59366393388,20657.330713020747,943.6344578497063,28778.453243731823,63587.53301926661,-2843.405700472547,54201.22847724432
-5414.559941015938,-108159.55811098995,9817.334613213305,12111.449457056624,-24299.46532548412,32081.163247817774,-51723.51579652987,-31918.91145024502,35474.05718722134,63187.609684549956
69769.15481655726,-52340.60273632523,-41634.30144764688,60322.54894317412,38515.035775129916,-33283.16645642501,31933.41705334529,33489.44715374246,28531.080865794425,47463.88083359301
57304.49547069558,8127.380821815406,-27613.017581572603,2116.8478503875585,35430.95825748619,-51190.89944249648,-23921.500029881874,-4262.28051064451,5380.792528336951,47526.28094208487
42700.36169342194,9430.509332040016,30574.465957797922,-17014.120540111333,8585.64314805317,-41726.38927912855,-71025.69968678625,-911.674872976198,15834.307573317372,78383.83009114559
-42200.47653170993,-53365.661556128776,46076.45435970445,-53758.013987494385,-7139.763742922144,-22943.785606395842,-17227.320349243164,-45226.9244229744,15681.755628043798,53120.937336027455
-25554.87724017701,-23751.91843449866,-2793.4473219312913,10848.197007524182,-23193.841196496913,-10714.79163173544,-11551.098891678163,-17937.65560951222,-7430.76849361104,24214.796150485352
17265.993921216417,-51926.98308797719,-61776.86336495262,-20538.19262785755,39999.87432142875,-51769.31595204335,-19413.714659019282,-35480.88079938693,-28212.17608347775,82362.13935610658
18714.78494941526,16678.562344710957,-29101.623408913845,12303.946560164088,8846.965362226467,-42505.897801357714,55181.51652605216,731.8831228028791,30206.903655144935,28927.481959474342
22068.50699034996,13463.239234283863,-34523.84747283581,26205.940732774026,24494.012806754337,-110601.91224697183,56062.14269751902,-44874.06146320826,36735.97966094856,109978.05444428802
-7174.392929213144,-81403.78158785254,41271.927388114935,5174.882457034486,-24907.38700092743,21074.835253540234,13045.512428884396,-155.9105626485068,-34001.37056909718,10749.643261052495
-3600.007194990702,-11356.454410774848,-11577.659599885661,3183.8861487394015,22710.593583492602,-55132.93585370775,1527.1997151419832,18573.229512035155,-14789.869578322903,70640.03591003676
-28376.516103121416,-5058.8756128908035,-11160.64174254398,77018.67509365146,11945.112307567975,-35786.046807846746,3895.8278059022523,-16928.10014898153,47084.22987793652,122251.40706776522
52893.17148279222,-34241.55973840275,14607.060600089268,10964.724650513564,-60090.38413422534,4624.255266777898,48395.309252017745,-6806.349839545483,20928.096846650198,88320.46668967562
64152.37740738216,-26207.64188682184,-20903.404085062168,-57429.84143345571,35426.463079602974,-54739.99343767631,19860.69166525954,-11092.891811037269,26632.5309124079,115578.34091119692
31825.717701205947,-12410.809065613144,-8283.615349434884,23641.466946708035,19263.030808753367,-17760.1516784869,8652.529338404522,-24960.13090797244,-55810.93286419529,51046.927129470176
37072.69869509154,38635.68121414902,-75565.36885942369,-26236.065507796404,42512.41379820329,-320.97435465811645,25157.815871733565,60139.0636884349,96677.4737017327,10866.291316479814
5143.994638704837,-35996.25751703977,-13148.71220941995,-17404.14681331644,10556.5841117026,-97307.54190423925,-32943.9117745663,21755.56602534966,46070.516641271126,39856.73140801
-6063.192581029213,1260.1220156830784,40440.54017880645,33336.08709109415,-23756.36947972788,-76935.31237252602,-27903.47179046636,29765.832583988828,-258.70379988083334,23941.74644873274
17956.649011247773,-18697.670300222213,7878.97142229294,21264.645077679328,-79675.07923938929,-19937.24829471069,-7363.003451248735,18150.458127114358,24376.97082976387,64777.55312657444
-5888.018589608951,-17664.648009833145,-61281.92176726255,15256.942962664549,-59576.71902965879,-22324.82387893662,18119.85890150563,15337.348931677054,2548.651312561526,35789.05417961994
4715.368847182868,-33541.72237390358,-20947.70368277017,42926.52363653119,-25080.872072678874,-34397.57718963279,-9146.964965035162,-11403.86478570539,26232.369223744823,53649.16577561833
-11918.627419769296,-962.7253872801818,-28242.01446184263,6506.790608587538,23890.541151941714,-92317.07919938292,56746.53901463503,8058.778769139396,44033.33483380436,60725.76862394574
26746.93573412846,-51971.10133378552,5850.6990472653,45293.59148441523,-12851.95839500133,-24494.992347966814,-19336.670943138746,66084.7937123753,-6059.712292540045,50950.1363016052
68912.63601233976,-26460.676853200788,-14761.78650026075,-48738.36014690383,-54029.300152512165,-15427.549908976356,-8384.728930978525,-38353.14588669696,-48949.96653848786,24001.805795672073
55358.67823025294,25470.554575989354,-12650.507983567664,26986.96916997482,33433.08164447646,-50649.65944424866,-37737.804397422085,-1214.5743591507485,-64554.204117887595,84209.48600623802
50213.057054978744,-15051.934203230388,24915.467516419587,39951.875763683296,-16481.42915883346,-88488.51621517994,-2847.538119697406,34860.256310075325,-17090.49660532523,10487.670468065513
-8723.727264507028,-30914.311572681225,-33002.88593669358,-51471.388608738525,5043.604660773714,-87870.26237093438,54227.11576968276,16251.3745438195,-9165.4711840263,-34907.55420858494
39506.65706567328,-57853.316124842044,21209.256732761885,69655.27431691843,20668.784061200247,-73027.59408648004,-10753.318481310691,-28704.484758431743,62515.403997194575,64268.536346330045
-1161.9371753036185,-55640.10225161047,41648.225058413605,9240.701363346723,-36872.55433680335,-80156.7464845389,5114.695893814446,-107496.56254354116,19470.698348438124,43547.76544358945
-54540.21406455257,-17444.3560020197,1762.5727979187573,50208.46694521644,1255.1690952750575,-74023.79521014479,-36142.98371392725,20004.546743735842,71574.93347911582,30480.278072107227
3112.6464953448467,65512.61845174725,-2239.401137918092,-36628.07144692703,-11433.980455684734,-114033.66229809332,6035.740050644307,5602.342119103092,1362.9563149761204,-2505.842311879739
25409.289717861437,-89321.99600297808,12449.747836437582,-11735.554068642621,75093.49103551594,-23074.85107191828,-17948.053120535886,-14950.586162242449,29642.812637510226,19755.748423368965
15652.37501862963,-61560.70459198208,5019.628894931969,-25594.84233294716,-42337.662727182935,19515.78407458951,4480.159046065439,-53139.25904866365,23329.28471185555,24253.80797253365
12111.599863404435,-63037.08808020826,3198.663866408588,-4347.770194959228,24661.98255184582,-66274.5241254153,17225.896562057434,69502.78331552888,41598.12654379913,43719.60953313828
43962.439330854235,17180.277120613344,27184.383607830117,-25761.930782752206,-28274.76075216807,-41365.083245841124,42225.690237252405,22995.180571344797,22382.427578561634,63752.52209837228
-3962.162893243032,-41156.05235270173,11905.91213763457,70615.8933585099,-56945.86321983602,-23761.355747870424,17858.176776839322,-57409.47134753595,16178.743442127527,81619.8901479095
-16984.568187291447,35013.59785990342,63574.26778051161,41919.8301822636,-70282.14871685058,-13399.336726534859,37441.768887812126,46498.450606654376,24420.516869164927,26136.17114116165
-42992.03384098225,102.62693712115646,46617.425379414904,-23861.610463783272,-35457.81333154174,-39029.45047704295,84291.18203019099,-19889.87696800136,35834.829567241904,84253.88922327412
3965.3114035621848,-112540.40108622552,9432.225719094838,20963.983808957884,2673.3333376335104,-44157.65139733242,-53987.667696925906,24999.621370951227,50681.20116705708,71425.52521055234
39826.82417364894,35534.94512633408,-48111.183028108586,46259.27042844109,-33539.86244667888,-5505.566573093742,-41296.13974736268,68233.85266461871,-14981.94576204373,103193.03535668906
-4694.845170155312,-20671.050298411617,47065.905783779956,52888.74642287133,-35208.34508766676,-10127.418502970228,34019.08100896398,-39529.795853041185,34998.91325002189,5816.642861445929
-21132.547871080456,20203.449834843217,-12264.606301082125,-55264.26148424738,-5410.858146837738,-69197.29350742874,-8874.166423726632,14822.133331888293,45545.06762199199,51609.488102041694
35438.09390797902,-39258.07484269462,43989.560829081165,36645.7181564772,-13369.616283259904,-42325.446851028486,34144.33557422163,33966.33106750498,59891.33558621415,70651.60646249517
-14969.473073069612,-64652.406275816655,-56470.444417880615,73913.575704868,10085.16200387895,-43710.31330284862,15230.137069238544,38693.033031284394,-30676.062346236442,54619.92240096091
12886.331128897678,22701.588155152247,-4229.028314779444,42166.20538282942,847.6455902667645,-48991.261520028034,69735.25988691355,-18503.227239357053,36070.71174676352,55376.006066807684
-32072.49444559849,-91753.81722626086,-11398.35466000621,-13514.978679286536,-3655.5651174305813,4827.438018559491,53123.434919055624,20692.50637812818,3019.5958195664953,24345.315160044192
-16886.944909363316,-2556.4256544532677,16284.167074340716,-39433.03665534224,5071.526685354102,22566.950107285786,38141.63693074137,-42614.85716863365,34579.997005970086,27326.443227201256
4729.797970393509,-64365.43966252336,33185.996639983234,-15934.716865805698,64382.56613851941,-38552.712905336,52639.09031515278,26782.02608708617,91570.40391019925,21964.617391647174
47308.71840821674,21097.520127728698,-30340.718864011622,4970.663202920352,-25313.23822756346,4593.716677084479,21655.624578967432,6622.688100418584,-31810.217868505824,123964.4633190465
81780.48554069313,-23374.43659659155,-12819.037191211943,1460.8182780458073,22729.548144513054,-105205.69641121525,55653.1568328833,-50960.58736028608,16231.74839923495,105267.13293675896
46754.036296276274,-8140.654118359798,17671.552316954174,6183.524548468851,70679.69830599202,-77249.94215044814,-11832.524444882909,26711.74138033228,48451.2175425458,71614.68878678858
9769.230135953281,11961.43825728769,-64764.78051976109,-58153.606411228015,-56633.51278120606,-48718.992765297735,-19992.234267546777,58929.90513304039,30561.38801176608,68845.146558542
17671.840915287063,-78590.09334536154,4881.368627387679,-41143.64351292827,-35115.93987941854,-17107.299790051773,531.6611989371354,46398.6311152197,-31226.26441109202,46935.089746783604
15709.748285176724,22698.12262638908,-15718.392395051307,24534.981140095162,-25836.377795086344,-47740.08603786709,21977.48887382482,48293.88686751943,35817.582164740816,61576.866192681184
24707.594375172062,-41760.94887766388,-10677.894856676441,14156.094525308994,-56090.19671034845,-75615.23948061057,11213.345391423742,37337.23992593135,-30455.245025226606,31605.726640717425
20084.88931553734,-4042.817643467789,-19030.852664488055,-18479.3501827245,-15589.143066247956,-9066.366344875583,-12005.11549243269,64771.58174564672,-40072.68961686664,70706.96634799827
27073.156228972723,-35755.35338225158,2923.4520654619196,-25288.72200592596,-83203.03389360898,35527.32659014554,48494.50210237003,32583.83938984136,-10366.338826427367,44139.443382013225
-30571.80645423846,-33333.99387026643,-46983.37554467614,43395.46730791499,-12311.804842130003,-66732.95107858504,-69874.76560390754,-6100.315715918327,28889.422733086874,45707.49144313213
-17041.851383104324,-54891.72757494326,49807.35061962308,-1844.23266113204,35089.220755656905,-75633.48717282226,-2705.4457635796266,9375.645244127967,37724.300906780976,68615.99076735952
-3785.1760718899536,-33607.51984306546,-29399.399469872285,43749.332476337484,-9544.70142304738,-60365.322484607816,25976.69562451552,22097.59188231813,38177.3929653328,-27652.70417042574
58600.37994826761,-47066.83027961481,-18717.93146856754,81178.57825089188,-91267.10275218562,-31613.50495185246,15339.37982177939,42367.15967000303,35720.9742595796,38326.24272991298
14985.151309980154,-55925.49134302701,-71888.01107750063,10169.496711289583,-61203.62002701448,5694.856459246047,-15692.532674442136,-34709.580701110186,-6363.522011794978,-31081.172248619878
73787.4069828359,-65490.630876015246,-42741.07795256747,12312.815552327618,3041.190498823519,-82292.28825368811,16734.70520876372,-10136.821152223643,23111.49075061926,46019.35975133427
-6221.6948172488665,2747.4585867558676,-56325.86346718218,18907.755910141663,-30971.584518698353,-13875.846701545877,62354.20532751476,-8537.019164013422,-16274.040441482026,7442.873819375239
-8805.803965942629,-14884.075523312475,-17843.069034753604,-32303.956345668194,16966.074794481465,2712.779605227174,17507.11198517801,-67117.33502909483,48994.81933610797,52693.881119535436
64971.24913151918,13161.511173862782,48998.76561562218,3248.8518183733922,-56016.82449247428,-58125.40874012143,16179.866785729224,-90593.8562726892,-63443.25647125525,-33116.2670175909
-24577.753412088387,-30203.037440589655,-71583.23393250692,-30155.094887506195,28669.133495627462,-21145.371978567837,-8875.54092817954,-45722.67365376179,3636.7390424169566,-34594.69893658937
52868.248626592795,-39928.11779938339,10666.952240574681,13058.819814634002,-3487.1137960875312,-37629.390302751584,32712.097184840346,16202.938570988896,-23188.658317742156,81799.8460303582
44637.291558668156,-9818.754360009334,50179.15114381944,7392.791974100085,-21828.11836296907,4653.576408662786,-6907.01617196482,40147.44447604605,63953.15021676529,44577.45931418244
58734.57895052007,31548.984024234884,-33561.408483038984,29147.053808026885,3323.1805192889456,-45408.16262411946,55178.543598764656,-15988.53192259007,42576.013295852405,79324.46856210266
19059.54261987785,-86789.7926041924,-44238.63032465229,27582.093380960123,-76268.92355283222,-23447.727757156343,10843.341292903398,51276.55738574495,54361.29485839331,92425.23713353355
36938.34303611543,-71308.0284073857,-30823.1979883253,23867.727527034272,-10846.070830148028,-14953.950421559704,34360.73813510057,6411.27970820468,44124.96712734234,53243.95803844462
-8684.842094961505,-64350.51137483681,25382.22456670096,33219.237736852134,39825.7396242206,-75221.31344996214,16062.259298869929,-19514.959667932213,-12695.917263903348,35320.76255583181
-37814.43447599483,-30539.977809615477,-10530.204449025963,8161.180022131472,-11969.600812596893,-89352.99929300968,-48023.97188138936,58853.78702519567,-4882.49982871718,99366.99337269882
-35313.14594385352,-79532.7505764398,-23125.431811689417,-7806.289735016947,8783.884857629806,4289.862379285024,45830.06648803949,70077.73714947452,-21512.70071315133,123143.26490963632
17437.13605266268,-54519.014420192834,8084.771755225256,-21453.808193662313,2076.7796491672543,-88663.73851380593,-35503.86336002887,3105.9741198836264,63815.26620199966,791.7695501164089
-28771.43524189484,531.592174795141,3363.2004152533154,39073.417699518286,-41301.720647272174,-47435.394819179375,-9153.340742121876,92552.08526122842,-14963.034719560745,35845.36106717093
23810.274447874464,-53824.75607492073,-12858.270178896575,45075.55810924654,25457.09840750683,-24961.542534859553,-16240.687884270192,579.0669372862421,54558.92340753329,40812.81811127295
-9589.171326254687,3700.0837831923686,-2846.5227613293473,-33635.52448453778,7765.595581064199,-52078.65226300291,26319.81903348131,23743.103029924463,26305.102547521477,40543.36430614698
80182.5845935828,-53629.055945033186,-6363.999226035898,-5236.234218838233,7092.938146215061,-1557.1139068399152,88853.82086577018,8562.7889642779,-3887.2274546866292,-6863.613998011696
40318.745709345756,34135.888144138014,18843.456093810262,6671.086873841138,-48690.989504951016,-28777.414439926062,6685.451216735191,-1988.8104354538443,27871.07139203132,76128.70974371069
66595.8931553785,-73449.01091101469,34881.24854140494,10557.46766409689,4985.91353330675,-30461.298885460623,-19880.91480955456,55662.387719682694,-28988.203899419404,74227.64730023069
30833.117575056618,2567.4942743191223,-23188.821245877596,8255.389715494577,46984.08763268157,-92429.36869247093,-30879.0385343703,-34948.47733053499,-2341.4022894264517,114030.02339106539
71378.14613167432,46192.37963438812,-49222.80830035544,18504.322763692686,-20552.82223186749,14731.8254899364,7253.0397579316295,-26988.65604482223,-17761.66652936305,105971.8944645222
-5361.191660490976,-31892.904781762085,-25550.962950661775,-11471.690420392084,-16145.880829676807,-17997.038839461897,-14441.646528607542,62806.179069702164,17483.712737415568,51148.34318248058
-26337.864228535927,-30194.608596479313,42186.33897728321,69828.2113536141,57915.57002254998,-91011.17616350028,-28739.339931489787,12089.622658001486,13714.321340877505,89156.85844494717
-8784.32116690962,-49191.423819649266,-68636.29234252193,19584.752509010563,6195.305076856518,-1836.828988497549,14421.68190559407,-22096.917942479307,-66433.38594315358,44246.58426281033
28414.081941983462,-19347.24035830607,-45878.14675638208,-48866.593040954926,63546.407820607776,-35697.63852601816,-19143.723391011383,42535.617920151766,-62819.59114819039,28833.812569418926
26441.54498300047,-19990.204329032316,25045.171031556598,24093.49879021662,64027.31213063296,-99212.16737923284,18133.501997439023,27253.42329796917,47002.42213674913,65607.37280282045
8855.981773170735,32918.22851261486,55728.35058363533,7621.027070074601,21166.25968679948,-25565.205349553544,21609.029982452263,-15084.993565418714,9661.771630022286,28203.25368045934
25857.18119688901,-43647.418779260624,-51351.51307710776,-7220.369721541165,45474.987243507465,-22807.074539882735,-34284.93437369074,24849.39855942309,-37305.69279315642,5427.5178886387785
-23824.28659469855,-12118.457417073143,54956.62663766827,23674.594643147953,-31681.147331023818,-22975.754758821957,453.6370908790342,-5808.726710045238,-20237.768581557535,65499.46107482122
-22685.49255582894,-107182.0720466512,-16685.25740335313,73540.49807952919,-21201.308683902316,-49546.82946864217,13891.738684303775,-4381.5461596602245,-13129.987384119335,92819.46554026101
24407.759364115107,-12606.927253144333,31648.154985627054,4015.884459816908,-2434.4991686612298,-676.8478046496434,9572.858996062123,87045.5149084271,-2691.7135210784513,19652.092748780276
28809.934276377626,-19577.835335391326,-16547.74320938517,3788.5850129467362,-31018.20521023769,-55763.22571806977,59236.370524709564,3811.1598285543073,10070.345337862285,23077.570607115293
-32996.48919532971,-44244.875446671955,2064.125744059417,-25558.168910093096,-37069.93890470466,-25341.316145286568,24091.025663959383,12730.167708385625,-22666.455231681743,47969.94212840975
29310.71120428984,37313.01636566314,3697.9140146965874,-32256.755835390843,-19732.70842494377,-20016.024876111987,-19279.627614002224,49338.894187060476,-10041.427658468943,91361.12374031304
49155.931157520026,8664.46820334918,-26583.700232043775,21868.02658874848,8431.815144002077,-25565.28041728981,26658.203548292404,19972.713599502633,-30399.379489461324,31983.6806868068
8671.36310057693,-10118.780728755073,7838.386266001518,-50952.07237211732,-25090.086018799182,-46942.31030270927,5626.139044491551,43694.35920949339,43487.25529068972,-31387.32026407737
22327.396311676497,-32823.97623336608,-33803.930182366385,20909.50694206305,-12053.197310511332,-26735.555640077517,67789.59001030702,67474.80365658851,12669.9557393998,67832.86309995888
15681.918084571242,-70483.60116442484,-25151.470982551786,30739.66834242288,-61948.364622518624,-57003.372195905664,-23391.176173636835,-53460.60519921508,-63241.58800273016,40532.43842711341
9339.601371066823,12662.516555785109,3474.47269272656,55279.43549981082,-61070.425444690954,-71349.26784917997,81652.70280026124,-5729.410083575884,-21153.446825214312,-4713.069794956873
75448.79806753474,33089.064878273726,-4587.390811262248,39928.79634863698,-18593.368468233883,-6622.647344397033,-909.7019610478015,19882.411642347823,-16623.801705394973,57919.75206948368
50057.3321649251,26335.397339059695,54228.41199296533,-8945.791134244191,-52094.724692771575,17615.928010068328,75287.73697678781,-38495.96656859269,64662.17606978691,111015.10004898177
-32094.438227791015,50178.526851907016,21692.687810637,-4934.269733426124,-11171.861598698384,-108073.42837923167,24573.73074443123,74966.56007055003,-15969.027366253053,85761.19511719607
-41181.08718301238,-31141.1672718236,-19705.98071417653,60218.68083024458,-23628.50428929378,-43885.26875745996,-6800.951411825017,-53904.838148583505,5533.627596438541,41871.01247236041
46832.96781442744,-20608.476889208014,-18438.855643636794,23.544539610838456,69514.56697049565,-107118.8648505354,17321.011627556825,7104.590896457683,-8936.789344656543,74198.0883073898
30580.86390475829,25203.055856735693,-69157.16988254791,6713.316618149797,1285.2355981949208,-111361.59822358024,42934.95332516079,-51920.19333811715,20101.312023021885,72429.5190506126
18439.51429314183,-17798.29467003255,-27184.304965112922,24422.406733292162,-23874.97292191177,-67649.13037300784,633.9326531059135,8921.155460818563,8897.953530455101,44866.386335496056
32150.44810586648,-2805.1441168742454,4037.7710645814295,1470.5547089816357,2511.049751937178,-56666.503095929285,57861.56547172376,19510.928312175518,-7435.2147676856775,18416.400744158826
-18840.994063536233,-54111.10496788965,-72447.46558738996,23215.734124780443,20788.9703052622,-29831.50187597053,56680.35210425206,4239.848035305833,67923.42248197708,46306.72060272636
32483.884016323605,-43474.42453307379,-8607.296281272074,37135.37855871198,-1256.8500397741743,-66634.7264637453,-3937.7176782147126,-47953.8167759276,51833.59113662164,21767.023322430803
-5739.719203811431,-19961.821106955023,-12374.497296402364,22953.253434642287,-19203.539161081357,-73126.06672822102,18037.800685944625,-84214.05001415689,49320.76147036257,74497.35451502864
58112.933673264655,-10462.738129523255,513.5530408177938,-15875.610228715906,-33056.767270541066,16551.533729652823,35605.378598820855,35247.646655401746,25881.89043370541,-3369.7112122883627
-12113.0432969773,13389.931325092999,31285.15516018167,4101.772664434911,3434.76139744358,-5758.538140551683,49579.86962616744,35499.554536539945,31756.24471718208,-8065.4962996744
-4036.076973272271,-4227.301602479617,36765.86967683027,60434.08191292372,-35012.28856879255,-63365.97966609951,-650.7804202051328,-17583.083958337556,35909.29060613566,38886.55480648765
67168.80051463019,-61533.91811381369,-31080.58276933101,-15811.447697256599,-809.1957884653661,22046.508658031784,37891.48656348569,22272.627420969246,43245.75965147273,81995.18345893415
47003.343193288776,-28462.484659186062,-9560.255699500092,11027.557061521522,3563.8258706262613,40.32097426436172,79154.09400874136,-84450.99827126549,-24791.46862434225,113001.78306527219
-30913.490278971334,29149.20004060107,2907.384038547835,91405.42553463194,18541.004838240147,-41185.096150788995,37306.679558793236,-11819.01577379576,-42073.79598822293,89230.72016965249
68745.59924299651,-35467.81601772561,2144.297356656987,43225.119107017825,-7494.43030097773,-29203.1103876484,42001.59554597747,27131.323441220007,-16809.403219750155,90726.28116835868
17548.73832550404,43616.112797277485,-45304.142374176605,30102.21374954437,31041.282039774662,-60238.984067295205,86297.13056454841,11957.9773363528,13159.586883567552,67170.89961633953
1531.6321435644682,-49924.93604734592,39393.054788207075,5195.192807832405,-26357.154240958145,-24955.366552759682,-17632.876340288563,1776.3028732330529,-33818.51001813312,35329.851124226465
-27242.61044897801,-59463.68625541052,18113.385120070336,4375.574215422366,21631.04738937097,-4948.276412945049,7062.248102455753,50701.996915974254,-3652.263270644693,47425.15344981033
63058.56501712602,11934.33963886389,-91251.95125006023,-18671.693271029173,-41539.25859050995,-105431.11400027202,26393.347437410284,-34905.435785287526,61505.651881809106,35402.59746645487
-12548.312785279228,-60915.40654526105,1192.1593557445362,150.25480976765624,18158.51524205689,-75294.74557551462,5486.449945725416,-17523.874269107975,18238.26901782243,20277.220500430594
11445.283166077774,-79550.48338525902,-11001.629167857398,-19970.191787463882,-2016.3060306864556,-65521.87844084642,-42432.68107893994,-20380.231300100073,-48819.41097255535,56056.15465136005
-18126.030701551288,-11879.587790899073,59790.46013068239,7336.335487973362,-11737.053075185768,-28966.410284049205,-52665.92318268816,26858.4027268328,-8766.377697894168,48787.20066182779
35552.208265176836,-51546.490177905165,-31429.007054842892,-12636.372373152746,-31116.178460550578,-11348.550264163072,26914.628534971136,-7060.313757197924,27546.858526890213,60315.146895219215
34829.92905737842,2146.783846456492,16670.733518052773,-11814.096667714259,-4569.419361155569,-87709.905969055,-11670.462050340686,-46571.68704061561,30225.042382976488,67070.99224911387
12227.984420563336,-35743.67538244735,17197.126056424393,27873.793348142084,45159.53723116392,-53761.28908383719,-8604.70415735854,-58532.49600091395,36576.79151143873,48872.30424323441
55797.74029835274,9944.043014754367,13399.241339630655,-9300.811146235168,3098.663191004199,-63398.01354163966,11594.40749232615,-41863.22550554567,40767.6150237276,92467.31851658573
76866.20223531565,-55971.849266987745,8215.362389907423,26407.379768797935,32908.62022522935,30952.281087040297,39263.06871037381,-54898.0976548456,39707.02216731406,159316.32998420525
31704.503822254217,-75322.41905137943,-12866.082909764396,-64916.20610906535,-3253.9696530152955,-44743.38933160985,38332.7464312547,37038.87045392474,19254.569652407674,57604.00151215737
-37959.02281334672,-10788.583822634362,-15613.040511724177,10889.56081432148,9077.136201466685,403.9148858871372,30633.98191070851,-37849.825440885674,47844.35059428763,105661.94867488067
-38184.3634240463,10664.23430864029,35573.880847639535,13785.693235415694,32083.34300305614,-55442.20693632606,60308.71679987404,71289.7296010739,21962.120333545892,49584.034203588424
19218.999935279364,-32944.72972784298,6788.768615740242,9065.658804096909,23173.844176408085,-86816.98961519194,84917.35951234007,61054.49937017585,7182.840417748129,7692.181729418953
20804.60552014968,-18897.4872153262,-39029.42241089877,64072.32558822879,12072.537898480616,-38815.26295936803,30814.74502002974,34690.70092398852,-50634.6802617239,40194.013693898414
-83419.71473537045,13946.085897369452,7050.803155131007,30392.81907501987,-14034.27911600641,-12113.506955652601,-19579.997834074926,73505.80495933908,16152.087930003354,115066.22894048023
44261.55974908884,-27994.620423822482,3687.0113737769234,51509.50365702621,39468.391009683204,-12481.114331750778,41064.997857768576,30532.132391431856,-37788.09663692106,60064.80571005284
35132.46425999723,-56265.4849137573,-1483.9288397553814,38487.888670732376,1106.6298921210127,-41321.09654659161,30603.840568230764,23026.835676931853,34787.84694065332,53172.93125069758
33791.65298158976,-4558.11015980433,19115.288877959712,-8258.179661422799,-13306.621982193215,-37268.99546472374,-26663.87262114099,-9319.10614448628,-14372.201217886308,39894.04657716856
-11198.778450330648,-17800.625428272313,21443.440569853832,46715.561787901475,-27060.699637589234,-67713.61423143519,79271.53124556711,36458.9072001905,-3371.316788739223,64505.33201198768
83351.87147384195,-97921.35130258097,-19063.02187364257,50063.445278450556,-64352.03207125927,-33531.26488931434,-24355.712524765037,35907.21543801232,20480.62989450367,50007.37569885905
-33033.4432660152,-32802.271578074266,-3354.346716422984,-20818.026720800906,-41521.708465418094,-20362.864213313205,50096.78779104189,63601.55145869276,-45841.8043627762,75364.87691530818
32007.201998974426,-30866.869416081543,-80311.93126140378,-17487.761186296873,7919.068686020882,-64062.45487896961,39845.88313890305,33642.20534761048,-9931.911080439764,26869.004876317846
-32726.018608086295,-19790.338854981484,41406.65716540636,3696.2965338827325,-50810.925862196294,-11225.51122556779,50214.09409022499,-4085.078338370592,-36338.823441351225,39871.83576826126
-20471.059599865643,6051.980847020254,51549.41063596768,60960.355795352436,17854.25290053041,4702.889090771237,-14768.521814630893,-62080.872358527755,-36203.61836705571,71988.63102377421
-17963.13627863285,-71642.7477619136,1123.0274022268786,8715.955813496841,3628.876926225681,-19651.75149031476,17385.825652051462,17175.052378329026,-36503.09017089798,18679.66722610926
-15777.447445214508,4791.167624154578,915.8796429238121,1694.769584190708,-21801.26587481662,-24777.35896619341,-25545.412185265588,-16615.329139622245,-38414.71136128633,6268.22187561244
39183.84029213396,21064.565428436075,-15917.710893936528,-4953.997953331468,-30786.503605600243,-48036.39334800402,15915.14898139627,-8296.101874151705,-27281.844416943477,26887.308090142902
6966.514022734249,37416.03853599072,10524.908104876895,-36232.49992090666,1207.4891848540422,-39257.43867356211,3149.523501899569,16847.01653433998,55752.19573370175,48031.53974792448
26903.91985399999,26453.037598268405,-868.657536958737,18474.72389404683,57491.25184520902,-93028.96807617682,31325.831843366675,33469.16487967958,19451.056348168724,74533.72086107105
-12159.923922131082,-3009.618742751459,-6338.689137473931,-49680.40273851462,-67613.59022430248,-24164.894515759937,33276.795185855866,17033.851854975972,-10129.070534422195,53420.6205297141
-153.97830048780224,-7722.300214203713,20131.35310228756,23918.633007810444,42084.131679689846,-58759.99167608764,25399.938455034222,63668.097782736855,27674.928029679257,23781.49207957924
-32775.5336176295,-54531.82655667826,-25163.4102197352,-12459.417157326403,-37106.68668994355,-87729.87775517689,51722.711304853816,-15951.989905524611,26113.462800259214,13492.474391381053
60406.837539401495,-18531.42127275614,56130.11645137352,-3083.782886238543,45779.963436818645,-37051.87824690352,38713.424845580776,37281.3914653034,65176.26369491399,85186.66234498173
27535.275833986252,-64322.195464820434,-9203.435181932047,45461.02148479951,-55862.30580589385,-54865.1816755847,7606.874547317583,26159.28687648845,60473.763813885605,53498.91864417699
83382.38636022856,-68011.44137035719,-40647.99167657897,25559.671436178778,-11337.893581614495,-31346.314640780867,8650.270209650254,-4032.0944317842595,3342.306474820644,46797.84696932763
57766.48051269659,-24422.6886660802,55105.39970945487,17768.17552353219,-38325.28376637763,-54089.2269308793,15821.840012815397,-5091.535150818496,8985.300128952897,-7670.4080987226025
-48834.381536771725,-46673.3940370293,26441.354398540483,-35325.86557021074,-25486.581646199953,-22228.610401438415,25073.227876557125,-1350.895890277393,1362.199244304177,27221.400928155
-1915.343843612698,8076.2026746084985,14686.878719888779,56999.83235217888,-17647.470424917727,-23083.16374355608,-7648.3795869855685,41393.258533107364,-11954.650681252602,74496.74249795476
-43922.16794818786,-8158.711736463166,-35869.313880316105,23164.06248437439,21467.794398562004,-51014.62244282316,75815.25307451609,628.3796790107738,-19487.719413709525,74295.99209232605
18427.75133359306,26006.66714039503,5271.287720574268,10882.921711584997,9768.295652928377,-60718.59647263554,9150.894334552997,10268.244177124367,10408.537654150245,92094.46402660322
999.2908625077276,-27568.692963507146,-4232.851779036318,-33471.037034484674,-65395.67144345865,-54632.663882935645,-67453.54325869826,10366.608622858805,-1439.7729316331051,83675.86957672762
3128.67330901853,8463.137959403088,21015.232452322325,-61047.2107947085,62174.75606032003,-13188.574379649905,-41267.992070311084,61547.2358656848,45313.834372883066,29607.352635327963
104976.17905694751,-15021.287196082645,-33582.8542602756,25129.802362909635,9808.773716427204,-55374.781569268045,68861.68435363182,21322.793372033226,91678.42154099615,59887.43649268487
12387.286322146976,40817.86507079644,-46645.75784384071,31223.256638921037,-14687.695148336665,-94665.2662324908,49271.23458545886,27794.59026917306,-35315.343417599746,35985.1920681494
1285.1830940499744,62984.90139301274,6771.090245842007,53347.07533247655,15075.902824434226,-98693.1298892276,44498.37629130693,3099.060181445637,60365.49917301491,40956.73143790897
3269.7542449497205,21652.318483525494,-15956.903631948282,16393.537512818086,-6679.694038016207,-58923.650171181245,59718.93950861894,12431.383968621058,56809.84516763354,102322.4282709725
42253.6841272435,-4845.013748429525,4523.108164183135,44515.01417441583,5972.364606534689,-17429.06958401162,-1725.950615816038,2972.4221145987776,26338.26725900182,52531.22019700573
32681.42081342941,-65996.08753090345,-38785.11179941962,15427.337464549788,-24246.458242809367,-75745.10167520476,10213.44773536397,51088.64531990485,37210.248013699216,19820.306181839005
-16565.48743968159,13777.621673161218,-9928.972578361614,-17932.9577852199,-76341.818276383,-74731.39917192279,21730.505942584652,18595.185798002854,-69657.5254199312,141103.4565048713
33078.15590003283,-69241.83119078036,-11200.564874834485,-19890.095077158556,37416.12418994717,-47866.6839811822,32950.94289033911,19542.59955899744,32496.3801168139,48025.129525221106
22933.93536186346,-63809.45729900603,7251.43353954224,-31361.608874032197,-25330.636778794254,-20458.98670433932,53027.96229938459,15731.898110666085,-19556.25596273198,90352.98714478576
10217.98303794133,8884.346817718946,-10258.564984713332,-48864.24926572235,26697.3991356032,-134800.62994945268,-89305.99080343785,22262.795987965055,-11869.524821662042,10756.303467695561
